code,name,revenue,net_profit,roe,revenue_growth,gross_margin,debt_ratio,current_ratio,asset_turnover
601857,中国石油,28644.6900,1573.0200,10.1000,-2.5021,21.5868,36.3671,1.1049,1.0265
600028,中国石化,27835.8300,318.0900,3.8600,-9.4641,15.8860,54.0841,0.7483,1.3129
601668,中国建筑,20821.4181,390.6900,8.1500,-4.8092,9.8976,76.9002,1.2617,0.6169
601390,中国中铁,10934.9363,228.9170,6.7200,-5.7586,9.3389,78.1186,0.9606,0.4627
600941,中国移动,10501.8700,1370.9500,9.9000,0.9059,28.8683,33.2236,0.8111,0.5042
601186,中国铁建,10297.8446,183.6262,5.9100,-3.5034,9.7222,79.5110,1.0275,0.5219
601138,工业富联,9028.8719,352.8556,21.6500,48.2244,6.9760,63.3701,1.4364,2.3338
2594,比亚迪,8039.6496,326.1902,15.3100,3.4568,17.7445,70.7445,0.7930,0.9645
601800,中国交建,7311.0875,147.5137,4.7900,-5.2900,11.3709,76.8273,0.8944,0.3771
600153,建发股份,6712.7043,-108.1473,-22.9700,-4.2815,5.5638,74.8518,1.4181,0.8944
600104,上汽集团,6562.4381,101.0580,3.4300,4.5700,10.0918,62.3721,1.1969,0.6845
601669,中国电建,6462.3728,100.0714,6.4000,1.8126,12.4269,79.5922,0.8816,0.4842
600704,物产中大,5964.6252,36.2326,8.7000,-0.5099,2.2955,69.6504,1.1114,3.1653
600362,江西铜业,5446.2348,71.3019,8.9600,5.4228,4.3952,56.9527,1.2565,2.6450
601728,中国电信,5239.2473,331.8473,7.2000,0.0680,29.0811,46.2169,0.6368,0.6032
333,美的集团,4585.0241,439.4541,19.7000,12.0802,26.3910,61.1650,1.2134,0.7559
601618,中国中冶,4553.8042,13.2177,0.0500,-17.5072,10.0871,78.1344,1.0548,0.5528
601868,中国能建,4529.2961,58.4029,5.0500,3.7134,12.1915,77.7380,0.9901,0.5003
300750,宁德时代,4237.0183,722.0128,24.9100,17.0406,26.2728,61.9393,1.5977,0.4811
600057,厦门象屿,4102.9122,12.9299,5.0100,11.8964,2.0773,70.4308,1.2356,3.2489
600938,中国海油,3982.2000,1220.8200,15.6400,-5.2998,51.4688,26.7054,3.2370,0.3696
600050,中国联通,3922.2288,91.2666,5.3900,0.6760,23.5369,43.8943,0.6456,0.5837
601899,紫金矿业,3490.7908,517.7733,33.0400,14.9648,27.7273,51.5586,1.1446,0.7684
600755,厦门国贸,3371.1687,5.0906,0.2400,-4.8874,1.5223,65.2281,1.2594,3.2882
2475,立讯精密,3323.4444,165.9977,21.1000,23.6425,11.9119,66.0661,1.1107,1.2533
600019,宝钢股份,3175.0779,103.4562,5.0700,-1.4306,7.2392,37.9675,0.9896,0.8724
2493,荣盛石化,3086.2232,8.4831,1.9400,-5.4684,12.2152,74.9137,0.3934,0.8074
2352,顺丰控股,3082.2665,111.1722,11.5100,8.3702,13.3176,49.0344,1.2529,1.4326
600048,保利发展,3081.4419,10.3470,0.5400,-1.1301,12.7496,72.2597,1.7260,0.2442
600690,海尔智家,3023.4678,195.5280,16.9800,5.7100,26.6608,57.4107,1.0737,1.0310
601088,中国神华,2949.1600,528.4900,12.7600,-13.2059,35.0781,23.3066,1.6465,0.4552
601607,上海医药,2835.7960,57.2456,7.7400,3.0258,10.7259,61.4893,1.3348,1.2483
601766,中国中车,2730.6310,131.8101,7.7000,10.7876,21.3793,60.7682,1.1796,0.5135
300999,金龙鱼,2451.2557,31.5289,3.3200,2.8732,6.4298,55.8632,1.1916,1.0804
601600,中国铝业,2411.2522,126.7392,17.6400,1.6937,18.0281,46.0088,1.3573,1.0887
906,浙商中拓,2355.0245,2.2272,3.8900,16.6425,0.9336,74.5429,1.3415,6.1422
2,万科A,2334.3277,-885.5647,-55.4200,-31.9788,9.4612,76.8906,1.2339,0.2024
338,潍柴动力,2318.0928,109.3050,12.0800,7.4731,21.4754,64.3345,1.1547,0.6517
600011,华能国际,2292.8806,144.0955,19.0400,-6.6230,18.4473,65.2629,0.5233,0.3826
601633,长城汽车,2228.2424,98.6528,11.7600,10.2000,18.0421,60.9868,1.0906,1.0060
601919,中远海控,2195.0381,308.6815,13.1700,-6.1384,20.0494,41.4157,1.5065,0.4474
603993,洛阳钼业,2066.8365,203.3875,26.6100,-2.9785,23.9275,50.3382,1.5521,1.1137
600170,上海建工,2059.9661,12.3714,2.1600,-31.3840,10.3081,86.0108,1.0680,0.5443
725,京东方A,2045.9022,58.5697,4.3900,3.1302,15.6352,52.4551,1.3993,0.4723
200725,京东方B,2045.9022,58.5697,4.3900,3.1302,15.6352,52.4551,1.3993,0.4723
600309,万华化学,2032.3457,125.2720,12.4400,11.6250,13.6123,62.8095,0.6160,0.6595
600346,恒力石化,2010.8730,70.7458,10.8500,-14.9379,13.1440,74.5323,0.5571,0.7512
601117,中国化学,1901.2456,64.3615,9.9300,1.8818,10.7115,69.8644,1.1237,0.7909
100,TCL科技,1842.1091,45.1678,7.9800,11.6681,13.1509,64.2261,0.9739,0.4906
600741,华域汽车,1839.9890,72.0727,11.1600,8.4876,12.3034,64.2858,1.1296,0.9564
600029,南方航空,1822.5600,8.5700,2.4400,4.6102,10.1374,84.2742,0.2764,0.5364
600606,绿地控股,1805.0672,-262.1274,-51.2600,-25.0724,4.1638,92.1017,1.0166,0.1661
878,云南铜业,1795.4203,13.0146,8.5200,4.8050,3.1632,66.5452,1.7130,3.4423
630,铜陵有色,1728.2468,24.1501,6.5900,18.6819,7.8598,53.5971,1.4740,1.9091
600519,贵州茅台,1720.5417,823.2007,32.5300,-1.2001,91.1796,16.4154,5.0900,0.5709
601111,中国国航,1714.8465,-17.7039,-4.0400,2.8709,5.1534,88.5638,0.2967,0.4979
603296,华勤技术,1714.3693,40.5429,16.8200,56.0248,7.9729,72.6156,1.1106,1.9876
651,格力电器,1711.1816,290.0310,20.3000,-9.9559,29.8073,61.7266,1.0837,0.4507
600795,国电电力,1702.4399,71.6142,12.2830,-4.9882,15.5379,73.4474,0.4184,0.3358
601127,赛力斯,1650.5364,59.5679,23.5300,13.6922,29.1419,70.9127,1.0542,1.3854
977,浪潮信息,1647.8200,24.1287,11.5500,43.2532,4.8834,73.6358,1.4386,2.1259
625,长安汽车,1639.9980,40.7522,5.3000,2.6712,15.5401,59.6057,1.2121,0.7978
200625,长安B,1639.9980,40.7522,5.3000,2.6712,15.5401,59.6057,1.2121,0.7978
600998,九州通,1613.8999,22.5486,8.2900,6.3107,7.7759,68.3288,1.2481,1.4752
601225,陕西煤业,1581.7852,167.6476,17.8800,-14.1010,29.0587,41.8429,0.9854,0.6806
2379,宏桥控股,1567.2085,178.6354,34.6300,4.2471,19.3519,59.0579,1.2108,1.4292
39,中集集团,1566.1145,2.2082,0.2900,-11.8497,12.4480,59.9445,1.2372,0.9171
1979,招商蛇口,1547.2798,10.2378,0.7300,-13.5345,13.7578,67.5155,1.5944,0.1825
600150,中国船舶,1519.7799,78.4838,7.3600,13.9685,12.5804,64.4248,1.3030,0.3688
601898,中煤能源,1480.5670,178.8358,11.4300,-21.8269,27.4891,45.8167,1.0689,0.4066
600188,兖矿能源,1449.3286,83.8095,9.9500,-7.4929,29.3403,62.2256,0.8427,0.3352
2714,牧原股份,1441.4497,154.8689,20.5700,4.4931,17.8181,54.1508,0.7814,0.8022
34,神州数码,1437.5104,5.2294,5.0500,12.1597,3.3976,79.3666,1.1867,2.8042
601061,中信金属,1418.1911,26.8944,11.8300,9.5652,1.5015,59.7629,1.1731,2.6798
600115,中国东航,1399.4100,-16.3300,-16.8100,5.9196,5.2065,86.6851,0.2056,0.4924
63,中兴通讯,1338.9546,56.1775,7.5800,10.3849,30.2506,65.2607,1.7557,0.6300
600803,新奥股份,1315.0669,46.8132,19.3500,-3.2399,13.9177,53.2117,0.7525,0.9822
2311,海大集团,1284.6823,42.8033,17.4200,12.1004,10.3332,46.4185,1.1433,2.6839
600248,陕建股份,1279.0364,2.2481,0.8600,-15.3733,11.3548,89.2951,1.0674,0.3639
601727,上海电气,1266.7859,12.0622,2.2400,9.0000,17.5219,75.4413,1.0565,0.4035
600027,华电国际,1260.1259,60.7032,11.8100,-10.9466,11.4362,61.3640,0.3781,0.4758
301,东方盛虹,1255.8732,1.3375,0.3900,-8.7796,10.7681,81.3827,0.3978,0.6133
601609,金田股份,1250.6419,7.5245,8.2400,0.7276,2.5553,66.5951,1.4959,4.3421
932,华菱钢铁,1217.4072,26.1062,4.7700,-15.8579,9.7142,53.4612,0.9109,0.8208
601991,大唐发电,1212.5542,73.8626,18.1500,-1.7965,19.0818,70.1454,0.4173,0.3696
709,河钢股份,1181.3725,10.0199,1.5600,-2.8608,10.6541,74.8277,0.4748,0.4369
600710,苏美达,1178.1142,13.5562,17.0300,0.5436,6.7869,71.5684,1.2240,2.0787
600887,伊利股份,1159.3111,115.6517,20.8700,0.1309,34.5760,61.5090,0.7289,0.7582
600039,四川路桥,1151.1141,72.9687,14.5400,7.3418,14.3567,79.1244,1.2681,0.4537
703,恒逸石化,1135.2749,2.5833,1.0500,-9.5133,4.5144,72.2801,0.5495,1.0456
2237,恒邦股份,1123.9444,6.3765,6.1200,48.2762,2.0311,64.0031,1.3754,3.6713
600839,四川长虹,1088.1580,9.8889,6.5902,4.9422,9.4202,74.1661,1.1321,1.0871
708,中信特钢,1073.7348,59.2867,14.0800,-1.6753,14.9352,58.7813,1.1814,0.9701
876,新希望,1068.5630,-17.8435,-8.8500,3.6806,6.2825,69.8947,0.4876,0.9206
600547,山东黄金,1042.8739,47.3939,15.5900,26.3814,20.4605,62.2128,0.4699,0.6301
300498,温氏股份,1038.6219,52.6642,12.5700,-1.6877,11.1835,49.8176,1.0638,1.1253
959,首钢股份,1029.1842,9.9564,1.9900,-5.1111,5.0188,55.7276,0.5366,0.8010
601611,中国核建,1019.1600,13.1905,5.1200,-10.2388,12.1435,78.6299,1.1153,0.4394
425,徐工机械,1008.2290,65.7222,11.0000,8.3681,22.6080,64.0099,1.1965,0.6009
600339,中油工程,996.5070,3.5624,1.3400,15.9844,7.3281,78.1716,1.3510,0.8623
600089,特变电工,973.1808,59.5429,8.7546,-0.6008,18.8024,55.6002,1.1456,0.4473
601598,中国外运,968.0866,40.2180,9.9200,-8.3432,5.6852,43.7835,1.5956,1.2448
938,紫光股份,967.4834,16.8552,12.0300,22.4289,14.5909,81.8492,1.0908,1.0452
2241,歌尔股份,965.5017,39.4031,11.2900,-4.3621,11.8020,58.8548,1.0837,1.1147
601233,桐昆股份,938.9148,20.3280,5.4300,-7.3197,5.5131,65.7688,0.5434,0.8618
2415,海康威视,925.0780,141.9537,17.3000,0.0133,45.8776,33.9246,2.4186,0.6851
601992,金隅集团,911.1310,-10.0947,-1.5100,-17.7025,12.0096,66.2711,1.4605,0.3454
829,天音控股,905.7000,-0.2153,-0.7200,7.7728,3.1301,89.2790,0.8745,3.5184
825,太钢不锈,903.7550,0.5153,0.1600,-9.9661,1.8969,43.5258,0.6261,1.3951
600031,三一重工,896.9950,84.0806,11.1800,14.4369,27.5361,48.3948,1.7298,0.5512
300274,阳光电源,891.8436,134.6128,31.2600,14.5490,31.8317,58.0619,1.6675,0.7631
921,海信家电,879.2849,31.8657,19.3600,-5.1939,21.3102,69.2495,1.1299,1.2589
600900,长江电力,862.4194,345.0281,15.9000,2.0713,61.6685,58.2695,0.1159,0.1532
601212,白银有色,854.5785,-7.5527,-4.8900,-1.5320,6.5492,68.9135,1.2832,1.5995
600438,通威股份,841.2828,-95.5343,-21.9500,-8.5507,2.7005,72.6338,1.1878,0.4385
600325,华发股份,834.2638,-94.9589,-64.4800,38.8478,8.7465,69.2662,2.0770,0.2150
2203,海亮股份,833.1033,9.4316,6.3300,-4.8376,3.6769,59.6748,1.4624,1.7992
600502,安徽建工,831.9800,15.2578,9.0500,-13.7862,14.8045,86.4910,0.9824,0.3867
2244,滨江集团,828.8776,21.1632,7.4300,19.8635,13.2172,76.4098,1.3293,0.3547
600585,海螺水泥,825.3205,81.1307,4.2700,-9.3349,24.1639,20.4237,3.1923,0.3233
950,重药控股,824.4741,3.8672,3.3700,2.3409,7.2050,75.0082,1.2185,1.2410
601985,中国核电,820.7550,93.0421,8.2100,6.2163,41.3210,69.0061,0.8158,0.1165
2761,浙江建投,811.0826,2.1454,2.5300,0.5760,5.0703,91.1830,0.9462,0.6651
603799,华友钴业,810.1867,61.1038,13.7000,32.9361,17.4695,61.8530,0.9537,0.5474
600871,石化油服,807.1218,6.5884,7.3500,-0.4735,8.1194,88.0063,0.6701,1.0442
600023,浙能电力,795.5393,75.2804,10.1000,-9.6061,12.3287,42.5144,1.0261,0.5125
600489,中金黄金,790.7466,49.3358,17.0500,20.6213,16.7054,41.7518,1.3623,1.3381
600875,东方电气,786.1528,38.3130,9.0000,12.8000,15.9409,70.3897,0.9937,0.5160
600332,白云山,776.5611,29.8311,8.0900,3.5514,16.2396,52.5709,1.5724,0.9345
601006,大秦铁路,776.4481,59.0015,3.6400,4.0435,8.6206,15.2392,3.0840,0.3708
600808,马钢股份,775.2485,-2.0881,-0.8800,-5.2459,5.3088,55.6701,0.6016,0.9648
600361,创新新材,770.4096,7.8552,7.1300,-4.8190,3.1603,60.5109,1.1957,2.8140
3816,中国广核,756.9656,97.6536,9.1100,-4.1144,31.9930,65.1513,0.6614,0.1549
600688,上海石化,755.6319,-14.3260,-5.9530,-13.2782,15.8522,41.7423,0.9570,1.8509
302132,中航成飞,753.5896,34.3229,26.7600,15.8390,8.4594,79.4606,1.0575,0.6775
600233,圆通速递,752.7685,43.2235,13.0000,9.0453,9.5154,34.8574,1.0343,1.4692
626,远大控股,750.4963,-1.3363,-5.8700,2.4090,0.7108,66.3839,1.3300,10.1314
877,天山股份,744.9575,-72.9086,-9.2300,-14.3969,17.9470,66.8331,0.4776,0.2642
300433,蓝思科技,744.0973,40.1783,7.8200,6.4566,15.9902,34.6835,1.2424,0.9000
200028,一致B,734.1586,11.3593,6.2600,-1.2942,10.6795,55.9549,1.5398,1.5192
28,国药一致,734.1586,11.3593,6.2600,-1.2942,10.6795,55.9549,1.5398,1.5192
2202,金风科技,730.2348,27.7436,7.0800,28.7911,14.1840,71.6624,0.9094,0.4540
603225,新凤鸣,715.5662,10.1837,5.7600,6.6568,5.3084,68.2645,0.5872,1.3012
300226,上海钢联,706.9338,2.1275,10.1600,-7.4435,1.3398,86.6993,1.1331,2.6368
601012,隆基绿能,703.4705,-64.1956,-11.1500,-14.8158,0.8098,64.4280,1.2908,0.4588
600916,中国黄金,698.2190,2.7543,3.7800,15.4760,3.2753,42.5354,2.3617,5.4884
2060,广东建工,689.2011,11.0889,7.9000,0.8863,10.6915,89.3468,0.9976,0.4746
601003,柳钢股份,688.9106,6.7102,7.7100,-1.7698,5.7134,63.4543,0.5781,1.0931
300058,蓝色光标,686.9267,2.2467,2.9200,12.9871,2.6336,68.5984,1.1497,2.8917
498,山东路桥,685.6770,22.2719,11.5900,-3.9046,14.3596,76.5096,1.1213,0.3967
900945,海控B股,684.7092,19.7959,51.6700,4.9589,7.6798,96.4710,0.7385,0.4658
600221,海航控股,684.7092,19.7959,51.6700,4.9589,7.6798,96.4710,0.7385,0.4658
2183,怡亚通,681.9427,-3.1909,-3.4800,-12.1392,4.2821,82.3859,1.0264,1.1800
600787,中储股份,676.8526,5.4555,3.9763,5.9391,3.0003,37.1715,1.8044,2.8859
688981,中芯国际,673.2319,50.4073,3.4000,16.4850,21.6242,33.0024,2.3574,0.1867
600022,山东钢铁,672.5282,1.0594,0.5400,-12.1124,9.4010,64.7118,0.3563,0.8160
688599,天合光能,669.7455,-70.3054,-30.6100,-16.6092,5.1848,76.9296,1.1986,0.5603
600487,亨通光电,668.5485,26.8027,8.9600,11.4541,12.4573,51.7331,1.5354,0.9633
600010,包钢股份,663.5752,3.7362,0.7200,-2.5436,9.6609,59.4836,0.5821,0.4326
600406,国电南瑞,662.2896,82.7897,16.2600,14.5252,25.8371,42.7306,1.9816,0.6911
688036,传音控股,655.9124,25.8064,12.7100,-4.5464,19.1511,53.4754,1.6365,1.4666
1287,中电港,655.2476,2.8421,5.3500,34.7168,3.2406,81.9104,1.2264,2.3282
600143,金发科技,653.9622,11.4988,6.2200,8.0675,13.3281,64.5846,1.1710,1.0391
300207,欣旺达,632.4625,10.5723,4.3900,12.8981,13.9407,71.2515,1.0175,0.6474
800,一汽解放,626.7800,7.2455,2.7300,6.9935,7.0455,63.0106,1.2384,0.8630
601168,西部矿业,616.8677,36.4269,20.5000,23.3104,19.5656,57.5010,1.2431,1.0789
300014,亿纬锂能,614.6963,41.3430,10.5000,26.4428,16.1724,64.1783,1.0272,0.5429
600166,福田汽车,612.4739,13.6383,9.1100,28.4079,9.9718,69.6745,0.7724,1.1632
600699,均胜电子,611.8269,13.3582,9.4200,9.5216,18.2994,65.2563,0.9778,0.9178
2171,楚江新材,605.7669,3.8320,4.7600,12.6992,3.2530,56.9637,1.3557,2.9718
60,中金岭南,605.4358,8.0176,5.1100,7.1948,6.5080,58.6210,0.9924,1.2723
807,云铝股份,600.4294,60.5469,19.7000,10.2708,16.7871,19.8367,2.6443,1.3951
895,双汇发展,594.5972,51.0461,24.1000,-0.4279,18.0517,45.3234,1.1490,1.5499
601231,环旭电子,591.9506,18.5344,9.9800,-2.4643,9.4864,48.8177,1.9134,1.4710
601877,正泰电器,591.4485,45.0141,10.3500,-8.3301,26.0022,66.1320,1.4946,0.3987
600282,南钢股份,579.9444,28.6744,10.6900,-6.1740,14.0737,58.0710,0.7786,0.8342
600820,隧道股份,579.2723,22.1396,6.6000,-15.8225,13.9903,75.8008,0.9099,0.3268
600482,中国动力,577.9996,13.0089,3.2800,11.8061,16.8999,54.0553,1.7694,0.5121
951,中国重汽,577.3720,16.6580,10.5800,28.5074,7.7967,65.3492,1.1687,1.2615
600060,海信视像,576.7922,24.5401,12.1100,-1.4544,16.7039,40.7665,2.0405,1.2632
600459,贵研铂业,556.7521,6.4054,8.7500,17.2021,2.6339,59.3820,1.6420,3.2351
2468,申通快递,555.8618,13.6863,13.3200,17.8435,6.4079,62.7240,0.6701,2.0352
600981,苏豪汇鸿,553.2276,0.1583,0.3100,2.0080,3.0100,79.8303,1.2574,2.0547
2416,爱施德,552.2220,3.7439,6.3000,-16.1022,4.9929,55.5049,1.6322,4.2803
600713,南京医药,549.6328,6.2483,8.9220,2.3598,6.1538,73.7423,1.5341,1.7700
727,冠捷科技,542.5895,-7.8440,-31.3600,-1.7578,10.2489,78.1506,1.0933,1.5688
601888,中国中免,536.9358,35.8618,6.4800,-4.9231,32.7504,18.4807,5.8283,0.7100
601933,永辉超市,535.0757,-25.5234,-81.0400,-20.8161,19.8255,94.6136,0.5530,1.4617
600886,国投电力,530.1443,73.9338,11.3500,-8.3101,41.1368,60.5241,0.6149,0.1738
601155,新城控股,530.1163,6.8011,1.1100,-40.4354,27.4163,70.8138,0.8485,0.1851
415,渤海租赁,529.2396,-4.0592,-1.3300,37.7107,30.3047,81.2582,0.6570,0.1974
600612,老凤祥,528.2338,17.5496,13.6400,-6.9894,9.0930,25.0958,3.9487,2.4310
900905,老凤祥B,528.2338,17.5496,13.6400,-6.9894,9.0930,25.0958,3.9487,2.4310
600058,五矿发展,528.2297,0.1910,-0.9900,-21.4363,3.4959,66.7782,1.3328,2.2658
600522,中天科技,524.9986,29.0229,8.0000,9.2369,13.8757,38.1061,2.1195,0.8711
600511,国药股份,524.6828,19.9659,11.2600,3.6975,6.5942,44.6416,2.0771,1.4653
600126,杭钢股份,523.2700,0.2414,0.1200,-17.8081,1.8167,36.8752,1.3441,1.6304
157,中联重科,521.0713,48.5849,8.3400,14.5761,28.0390,55.0306,1.7160,0.4057
539,粤电力A,515.4118,5.9994,2.5900,-9.8285,11.3068,77.7124,0.6689,0.2854
200539,粤电力B,515.4118,5.9994,2.5900,-9.8285,11.3068,77.7124,0.6689,0.2854
2120,韵达股份,514.7451,11.7145,5.6200,6.0389,7.4834,42.9627,1.5811,1.3452
2600,领益智造,514.2894,22.8772,10.7700,16.1986,15.8024,57.9313,1.1812,0.9977
603613,国联股份,509.8136,13.2216,15.6200,-4.8586,6.4824,52.3943,2.0570,2.5636
600098,广州发展,508.8315,23.1944,8.6069,5.2862,8.7383,63.3932,0.6615,0.6392
601686,友发集团,506.7109,6.7978,9.9300,-7.5718,3.2098,69.4204,1.1960,2.0068
600968,海油发展,503.6306,38.8433,13.6900,-4.1013,16.0854,40.9785,1.6448,1.0006
601808,中海油服,502.8248,38.4174,8.5400,4.1011,17.3866,44.1754,1.0569,0.6007
2155,湖南黄金,501.8127,14.8799,19.0500,80.2583,6.1467,13.4691,3.4256,5.6913
600970,中材国际,495.9869,28.6214,13.1000,7.5256,18.5036,60.2402,1.3612,0.8213
600531,豫光金铅,495.5359,8.6009,15.1400,25.9478,5.1295,72.3139,1.3907,2.4034
32,深桑达A,491.7036,-1.2707,-2.0000,-27.0355,9.7075,81.7385,1.2483,0.6860
600096,云天化,484.1492,51.5604,21.8700,-21.4736,20.2138,47.1719,0.8497,0.9505
300919,中伟新材,481.3998,15.6726,7.5900,19.6830,12.3387,58.8003,1.3363,0.6226
600989,宝丰能源,480.3759,113.5030,24.8400,45.6440,35.9159,46.3244,0.2996,0.5346
600973,宝胜股份,479.5875,-0.4389,-1.2500,3.4484,4.2176,79.4379,1.0918,2.2879
600500,中化国际,473.3987,-22.2320,-19.2500,-10.5390,3.4335,68.3477,1.2994,0.9346
2758,浙农股份,471.2442,5.4524,11.0900,12.2644,5.8664,63.3055,1.3495,2.3184
600418,江淮汽车,465.6867,-17.0257,-16.1800,10.3463,12.2850,79.0712,0.8026,0.9317
600623,华谊集团,464.3713,5.5471,2.2800,-6.5472,7.6285,56.8522,0.8763,0.6387
900909,华谊B股,464.3713,5.5471,2.2800,-6.5472,7.6285,56.8522,0.8763,0.6387
2061,浙江交科,464.0952,9.6433,5.9900,-2.8520,7.5053,77.2086,1.0219,0.5689
600893,航发动力,463.3150,6.3433,1.5800,-3.2335,9.1165,59.9665,1.1562,0.3877
600549,厦门钨业,462.6458,23.0937,13.9900,30.7913,17.8975,52.4086,1.2785,0.9048
2648,卫星化学,460.6789,53.1069,16.8000,0.9191,22.3148,51.7374,0.9188,0.6683
688819,天能股份,457.9236,15.9146,9.7000,1.6664,14.3546,60.9869,1.2433,1.0312
600660,福耀玻璃,457.8744,93.1230,25.5600,16.6510,37.2700,46.4018,1.5390,0.6869
603259,药明康德,454.5617,191.5058,28.5600,15.8372,47.6387,22.1810,3.2065,0.4956
600861,北京人力,451.8523,11.6984,16.9900,5.0047,5.5126,50.1395,1.8940,2.7292
300124,汇川技术,451.0484,50.5000,16.3400,21.7702,28.9546,47.9280,1.4387,0.7021
2074,国轩高科,450.7046,23.8327,8.6500,27.3471,16.1749,70.9889,0.8130,0.3835
603049,中策橡胶,449.5623,41.4747,19.3200,14.5241,19.6579,52.4863,1.0768,0.9265
600760,中航沈飞,446.5578,35.1776,18.3500,4.2453,13.6958,66.8754,1.3712,0.6422
963,华东医药,436.1201,34.1434,14.2800,4.0718,32.3593,35.5218,1.6216,1.1340
960,锡业股份,435.3458,19.6618,9.7700,3.7213,11.3748,42.8983,1.3068,1.1325
27,深圳能源,434.2962,21.0334,4.6600,5.3769,20.6711,61.9918,1.0727,0.2606
601816,京沪高铁,430.6204,131.7191,6.4400,2.1466,46.8813,20.1251,1.8325,0.1504
2110,三钢闽光,430.2861,0.2710,0.1400,-6.5782,6.6700,60.6919,0.5505,0.8455
603995,甬金股份,426.4629,5.4869,9.4400,1.8763,4.8815,54.0569,1.1545,2.8390
600111,北方稀土,425.6308,22.5127,9.5600,29.1108,12.2073,35.8851,2.7278,0.9104
601118,海南橡胶,422.3715,-1.0303,-1.0400,0.5547,2.5153,70.2893,0.9233,1.2084
603341,龙旗科技,421.2481,5.8512,10.3500,-9.1795,8.7815,77.6653,1.0945,1.6068
600021,上海电力,418.5835,27.6738,12.4100,-2.0488,25.7550,69.3152,0.7307,0.2114
59,华锦股份,417.5648,-17.6329,-16.6600,20.6970,12.1026,58.2881,1.2685,1.5785
600196,复星医药,416.6161,33.7056,7.0300,1.4474,50.0737,48.4895,0.9285,0.3508
600066,宇通客车,414.2617,55.5448,38.0300,11.3081,24.1411,51.9728,1.8071,1.2719
900948,伊泰B股,414.0468,50.8461,10.6200,-20.3267,31.3428,44.2118,1.4522,0.3996
601717,中创智领,413.8513,42.9339,18.8800,11.6946,22.6581,51.4834,1.6972,0.8284
933,神火股份,412.4076,40.0536,17.4900,7.4743,23.3586,42.1880,0.7305,0.8293
600985,淮北矿业,412.3802,15.0599,3.5900,-37.3996,18.4363,48.7861,0.5050,0.4666
538,云南白药,411.8700,51.5349,13.0200,2.8818,29.5095,26.0207,2.6403,0.7685
768,中航西飞,410.1373,11.5124,6.3200,-5.0954,6.7774,71.4717,1.0951,0.5409
1399,惠科股份,408.9732,38.0120,16.5800,1.5280,19.2137,62.8237,1.2093,0.4056
858,五粮液,405.2851,89.5426,6.8900,-54.5518,77.5418,35.6891,2.4461,0.2143
688472,阿特斯,402.5574,10.1577,4.4100,-12.8003,10.3653,63.6517,1.2496,0.6206
2384,东山精密,401.2486,13.8607,6.8900,9.1228,14.0865,63.9807,1.0061,0.7552
600018,上港集团,396.1150,135.6459,9.8790,3.9209,36.1224,29.6768,1.7040,0.1826
2091,江苏国泰,394.3958,12.9392,8.1000,1.2408,16.2179,51.4176,1.9259,0.8562
2371,北方华创,393.5311,55.2199,16.4100,30.8505,40.1037,51.0832,2.2659,0.5040
2078,太阳纸业,391.9156,32.5062,10.9300,-3.7689,15.5854,47.7512,0.7251,0.7048
200550,江铃B,391.6991,11.8747,10.3400,2.0737,13.5777,66.2211,1.1317,1.2133
550,江铃汽车,391.6991,11.8747,10.3400,2.0737,13.5777,66.2211,1.1317,1.2133
2938,鹏鼎控股,391.4701,37.3784,11.4200,11.4018,21.5000,28.8625,1.8314,0.8383
600930,华电新能,389.8039,72.6287,7.1800,14.7570,39.6083,70.3519,0.5141,0.0810
600584,长电科技,388.7135,15.6524,5.5600,8.0910,14.1474,43.6425,1.3012,0.7095
600575,淮河能源,388.2466,16.9755,7.4300,-0.6561,9.5617,49.1657,0.7826,0.7975
600809,山西汾酒,387.1826,122.4633,33.4800,7.5179,74.8525,28.7429,2.8606,0.7051
300308,中际旭创,382.3994,107.9725,43.8400,60.2535,42.0356,30.1790,2.6893,1.0313
688235,百济神州,382.2500,14.6071,5.3300,40.4610,87.6137,46.5331,3.4657,0.7634
601615,明阳智能,380.9497,6.5987,2.4900,40.2700,10.3223,71.7114,1.1534,0.4149
2602,世纪华通,378.9832,56.0517,20.2700,67.5457,69.9457,29.7306,1.8336,0.9093
603071,物产环能,373.0363,6.3829,11.3200,-16.5641,4.9957,45.5406,1.7433,3.0481
983,山西焦煤,371.5486,12.0077,3.3300,-17.9630,30.5231,57.1035,0.7710,0.3396
2340,格林美,371.2358,15.8033,7.9100,11.8186,14.7082,65.8037,1.0099,0.5268
778,新兴铸管,370.2235,9.4716,3.6600,2.2883,7.6948,44.0448,1.1754,0.7029
601058,赛轮轮胎,367.9243,35.2249,17.0400,15.6908,24.6824,50.0600,1.1272,0.8453
600655,豫园股份,363.7330,-48.9666,-14.9680,-22.4854,13.3383,71.2283,1.1146,0.3088
600320,振华重工,362.6046,7.3184,4.6900,5.2357,13.7403,77.4130,0.9207,0.4296
900947,振华B股,362.6046,7.3184,4.6900,5.2357,13.7403,77.4130,0.9207,0.4296
50,深天马A,362.2654,1.6738,0.6100,8.1573,16.2442,61.5906,0.7500,0.4585
600383,金地集团,358.5814,-132.8134,-25.3700,-52.4073,13.0632,64.2527,1.3898,0.1361
600782,新钢股份,358.0902,0.4445,0.1700,-14.3398,3.5222,42.8703,0.9958,0.7224
603609,禾丰股份,357.6152,0.5252,0.7900,9.8824,5.7850,56.2796,1.1618,2.1633
600335,国机汽车,356.0212,4.2143,3.6500,-15.2829,8.1352,68.1101,1.2406,0.9944
2608,江苏国信,355.3121,34.6510,10.1700,-3.7900,13.6302,51.0856,0.9481,0.3603
600578,京能电力,354.2572,35.2954,14.4600,0.0056,21.2800,64.2521,0.4212,0.3580
600056,中国医药,353.6162,4.7323,3.9200,0.3354,10.5023,61.0436,1.4235,0.9663
600801,华新建材,353.4828,28.5333,9.0500,3.3051,30.2194,53.8697,0.9713,0.4695
300475,香农芯创,352.5089,5.4459,16.9200,45.2381,3.9748,65.5842,1.3434,3.7765
601677,明泰铝业,351.3528,19.5996,10.8100,8.7077,7.0756,28.4427,2.2317,1.3932
301236,软通动力,350.8990,2.0611,1.9700,12.0496,11.2019,61.0295,1.5720,1.3871
688009,中国通号,346.7734,36.8641,7.5300,6.2300,28.8819,55.6541,1.5606,0.2936
301358,湖南裕能,346.2477,12.7718,10.4500,53.2169,9.1549,66.8899,1.0215,0.9973
600219,南山铝业,346.1986,47.3551,9.2500,3.4133,25.1968,19.2784,2.9265,0.4870
927,中国铁物,343.1812,5.7592,6.0400,-9.9607,6.0240,46.9858,1.8536,1.6437
617,中油资本,337.9685,42.9994,4.1600,-13.3900,34.5016,83.0341,0.7315,0.0305
411,英特集团,336.7911,5.0124,10.5000,0.9818,6.9947,65.5451,1.3648,2.1445
2911,佛燃能源,335.9509,10.3027,19.0000,6.3491,6.2187,49.3468,1.0343,1.7029
300760,迈瑞医疗,332.8216,81.3578,21.5800,-9.3765,60.3156,27.4276,2.3630,0.5743
528,柳工,331.4388,16.0923,9.0300,10.2491,22.4101,60.3035,1.3819,0.6808
600278,东方创业,330.4525,2.0250,2.6400,-6.7289,5.1872,57.1922,1.4520,1.7494
2236,大华股份,327.4378,38.5792,10.4200,1.7490,40.6221,26.7977,2.5501,0.6219
2920,德赛西威,325.5718,24.5358,21.6700,17.8836,19.0686,47.8555,1.7250,1.2686
600600,青岛啤酒,324.7349,45.8810,15.5000,1.0444,41.8444,39.5526,1.4580,0.6272
701,厦门信达,323.7780,0.1524,-21.4500,-26.1867,3.1816,76.7837,1.0358,2.3637
300428,立中集团,321.2413,8.8588,11.4300,17.9024,9.5991,61.3008,1.3796,1.4174
600276,恒瑞医药,316.2942,77.1105,14.2600,13.0243,86.2070,11.5512,8.0842,0.5271
999,华润三九,316.0258,34.2100,16.0700,14.4332,54.0300,34.5765,1.8254,0.6392
69,华侨城A,313.8120,-144.9611,-34.4400,-42.3217,9.2883,80.5952,1.3335,0.1038
601018,宁波港,310.2036,51.6847,6.4600,7.4144,28.8617,26.9884,0.9778,0.2618
2050,三花智控,310.1174,40.6289,15.8000,10.9656,28.7770,35.1493,2.1947,0.7232
600426,华鲁恒升,309.6888,33.1549,10.3200,-9.5166,19.1553,28.5231,1.5411,0.6463
31,大悦城,308.9237,-23.5027,-22.5200,-13.6860,31.7976,77.2716,1.5036,0.1841
600667,太极实业,306.8171,4.4811,5.2200,-12.7670,7.6538,72.9093,1.0741,0.9103
600307,酒钢宏兴,305.7384,-19.9811,-30.6900,-12.2493,7.7926,89.2566,0.2898,0.6235
300866,安克创新,305.1440,25.4513,26.1000,23.4897,45.0654,46.6202,2.3767,1.6642
600256,广汇能源,304.4001,13.4527,5.0900,-16.4686,19.6971,54.5599,0.3632,0.5645
521,长虹美菱,304.0793,4.1041,6.7200,6.3176,10.5016,70.8948,1.0365,1.3142
200521,虹美菱B,304.0793,4.1041,6.7200,6.3176,10.5016,70.8948,1.0365,1.3142
600266,城建发展,302.8088,-4.1320,-3.2600,19.0184,19.9603,75.8919,1.9778,0.2687
1289,龙源电力,302.5271,45.2622,6.0800,-18.5968,34.7886,66.5494,0.6290,0.1157
2080,中材科技,301.9549,18.1778,9.4900,25.8993,18.9317,56.7910,0.9260,0.4814
2128,电投能源,301.1496,54.1909,14.9400,0.8570,36.8341,22.7501,1.2346,0.5571
600711,盛屯矿业,300.0268,19.6142,12.1350,16.6037,19.1240,58.8398,1.2025,0.7441
600569,安阳钢铁,299.9365,-4.9699,-20.8500,1.1937,5.9359,91.4854,0.5651,0.6864
601139,深圳燃气,298.0092,14.0798,8.8100,5.1249,17.6370,59.9156,0.8355,0.6379
601689,拓普集团,295.8146,27.7907,12.3700,11.2071,19.4287,45.0671,1.2576,0.7261
2532,天山铝业,295.0215,48.1785,17.0000,5.0294,24.4018,45.4045,0.9979,0.5319
300772,运达股份,294.0238,3.3993,5.3000,32.4544,7.5643,84.4006,0.8862,0.6381
600141,兴发集团,292.9952,14.9205,6.8400,3.1801,17.9565,53.1064,0.6021,0.5872
600582,天地科技,292.4241,24.4690,9.8200,-4.2070,25.6045,46.1543,1.3859,0.4994
830,鲁西化工,291.4346,9.0671,4.8300,-2.0806,10.9713,46.5360,0.3523,0.8101
2385,大北农,291.1893,-6.4152,-7.8500,1.2235,12.7462,66.9569,0.7520,0.9964
600038,中直股份,290.8642,6.5187,3.9900,-2.2819,9.2234,65.6981,1.4718,0.5606
553,安道麦A,289.4459,-10.4572,-5.7100,-1.8430,26.3356,63.7351,1.1419,0.5876
200553,安道麦B,289.4459,-10.4572,-5.7100,-1.8430,26.3356,63.7351,1.1419,0.5876
603288,海天味业,288.7338,70.3847,19.5900,7.3180,40.2229,19.8227,3.8549,0.6205
603501,豪威集团,288.5481,40.4542,15.3900,12.1418,30.6349,35.4277,2.1028,0.6990
605599,菜百股份,288.1955,11.3307,26.4700,42.4407,8.3041,50.5575,1.9829,3.4573
600567,山鹰国际,287.7817,-11.3560,-7.6400,-1.5433,6.1335,69.9773,0.4336,0.5540
688187,时代电气,287.0270,40.9654,9.8100,15.2305,33.4320,36.2901,1.7043,0.4194
2092,中泰化学,286.9588,-2.8875,-1.3400,-4.7387,19.9712,65.7242,0.4506,0.3731
601333,广深铁路,286.8583,14.2579,5.1600,5.8906,5.6349,23.5269,1.6791,0.7805
600183,生益科技,284.3114,33.3395,21.2500,39.4481,26.4727,42.2937,1.6051,0.9412
600905,三峡能源,283.9942,37.1440,4.2300,-4.4339,41.8118,71.9120,0.8906,0.0763
601872,招商轮船,281.7721,60.1210,14.5500,9.2170,26.4742,46.6762,0.4717,0.3691
600869,远东股份,281.0763,0.5888,1.3900,7.7182,9.1894,80.1718,0.9472,1.3618
600642,申能股份,280.2936,40.1339,10.7900,-5.3680,22.5598,54.7706,1.3214,0.2632
2156,通富微电,279.2142,12.1871,8.0800,16.9157,14.5857,63.7348,0.8240,0.6448
737,北方铜业,279.1611,7.9062,12.1800,15.8010,10.2797,62.9873,1.3234,1.5362
601699,潞安环能,278.2003,11.1515,2.4400,-22.3994,32.9891,41.5632,0.9037,0.3479
600528,中铁工业,276.9020,13.6679,5.2700,-4.5271,18.7299,56.4066,1.4201,0.4292
2271,东方雨虹,275.7865,1.1327,0.5000,-1.7000,24.8187,51.1381,1.0102,0.6380
2221,东华能源,275.2564,-9.2059,-8.7600,-11.0288,3.6992,72.2016,0.8930,0.6491
603233,大参林,275.0219,12.3525,17.1600,3.7954,34.3178,67.2994,0.8880,1.0393
688349,三一重能,273.8036,7.1221,5.1600,53.8943,9.6995,68.8439,1.1122,0.6311
543,皖能电力,273.0576,21.4914,12.9500,-9.2647,16.2694,62.7224,0.6416,0.3991
600583,海油工程,271.6343,20.8444,7.7800,-9.3174,13.8491,41.8329,1.6587,0.5576
2230,科大讯飞,271.0539,8.3939,4.5700,16.1174,42.3568,55.7205,1.3675,0.6279
600160,巨化股份,269.9087,37.8323,19.5700,10.3349,28.2328,38.4781,1.2407,0.8089
2146,荣盛发展,267.1470,-94.2755,-91.9500,-29.7156,8.2355,93.6832,1.0473,0.1830
600025,华能水电,265.9533,85.0414,12.9300,6.8875,56.9803,61.1345,0.1838,0.1205
600737,中粮糖业,265.1098,9.5123,8.2400,-18.4212,11.4127,44.1396,1.6543,1.2931
603876,鼎胜新材,263.0346,5.1287,7.1500,9.4989,9.0217,67.9608,1.1371,1.1093
2048,宁波华翔,261.8581,4.1818,3.6600,-0.5268,16.3143,52.4530,1.1623,0.9294
717,中南股份,261.3100,-11.5361,-15.7400,-16.1816,3.3118,63.4124,0.3936,1.3479
2601,龙佰集团,259.8754,12.4457,5.4700,-5.6328,21.0512,57.5439,0.9977,0.3979
900936,鄂资B股,257.4118,23.6277,11.0600,-9.3731,25.3052,41.6665,0.7612,0.5484
600295,鄂尔多斯,257.4118,23.6277,11.0600,-9.3731,25.3052,41.6665,0.7612,0.5484
568,泸州老窖,257.3101,108.3071,22.6600,-17.5189,86.6241,22.9970,3.8643,0.3866
422,湖北宜化,256.5288,8.0859,14.4100,1.0188,18.1442,70.5466,0.6170,0.5685
786,北新建材,252.8026,29.0638,11.1100,-2.0947,28.8149,21.5984,1.8084,0.7098
601216,君正集团,252.3828,33.1746,11.7800,0.1076,20.9424,28.5941,1.3009,0.5945
601866,中远海发,252.0075,16.0940,5.2700,-8.7835,19.1816,76.2692,0.4394,0.1954
2010,传化智联,250.9660,5.8965,3.3200,-6.0663,14.9993,50.3785,1.1741,0.6256
603529,爱玛科技,250.9457,20.3450,21.1800,16.1447,18.2909,60.5670,0.8727,1.0265
603899,晨光股份,250.6391,13.1045,14.5600,3.4491,18.3575,45.3554,1.9276,1.4462
300979,华利集团,249.8013,32.0667,18.9700,4.0561,21.8878,27.5727,2.3429,1.1053
600498,烽火通信,249.1855,4.3583,3.1400,-12.7160,21.0980,59.4945,1.5166,0.5421
62,深圳华强,249.0889,4.6294,6.6600,13.4609,8.1987,58.3602,1.6718,1.3864
900923,百联B股,247.8487,6.3108,3.1600,-10.4423,24.8975,61.2330,0.7329,0.4378
600827,百联股份,247.8487,6.3108,3.1600,-10.4423,24.8975,61.2330,0.7329,0.4378
600577,精达股份,246.7367,5.9914,10.0700,10.5323,5.7405,56.3950,1.4688,1.8214
601966,玲珑轮胎,246.4216,13.6887,6.1000,11.7156,17.0305,51.2226,0.8898,0.5218
600686,金龙汽车,245.4677,4.6834,13.9100,6.8851,12.7234,84.8070,1.0221,0.8785
401,金隅冀东,245.0091,2.1870,0.7900,-3.1073,22.1352,48.3902,0.8420,0.4201
603939,益丰药房,244.3317,16.7848,14.9800,1.5419,39.3557,54.9080,1.4317,0.8816
2841,视源股份,243.5388,10.1345,7.6500,8.7170,20.0377,46.8811,1.1330,0.9979
603236,移远通信,243.2647,8.3707,18.7600,30.8293,17.4140,59.6615,1.4994,1.6275
601156,东航物流,242.6449,26.8805,14.4300,0.8678,19.6254,30.6490,2.1332,0.8363
2567,唐人神,242.1486,-11.8704,-22.4200,-0.5246,4.1380,66.4284,0.8448,1.4046
600372,中航机载,242.1196,10.6732,2.8200,1.3913,28.7016,52.1464,1.6038,0.3001
600873,梅花生物,242.0868,32.8088,21.4800,-3.4329,18.9985,36.9209,1.3338,0.9737
2064,华峰化学,241.9822,18.5755,6.9200,-10.1487,13.1890,25.8774,2.5459,0.6643
600662,外服控股,241.2939,6.5231,12.7700,8.1710,8.5608,64.4562,1.2061,1.4928
600497,驰宏锌锗,240.5946,10.3532,6.3252,27.9579,15.8242,27.7032,0.8980,0.9206
2701,奥瑞金,240.2020,10.0670,10.7300,75.6773,12.8423,65.8397,1.0717,0.9712
601005,重庆钢铁,240.0166,-27.2183,-17.8400,-11.9017,0.8204,56.6424,0.3167,0.7105
600350,山东高速,239.2546,32.0557,8.2000,-16.0342,32.9948,63.8294,0.6536,0.1473
600597,光明乳业,238.9535,-1.4921,-1.6000,-1.5752,17.2560,51.7091,0.9735,1.0599
600026,中远海能,238.9226,40.3731,10.4200,2.6781,26.1254,46.0861,1.2246,0.2748
600157,永泰能源,238.1727,2.0862,0.4448,-16.0078,20.8134,51.1997,0.2347,0.2176
601179,中国西电,238.1300,12.6968,5.6400,6.8780,22.7486,46.9686,1.6458,0.5008
2408,齐翔腾达,237.6975,-5.7453,-5.0300,-5.7461,3.2117,54.2138,0.6302,0.9530
2916,深南电路,236.4698,32.7574,20.7900,32.0511,28.3163,43.8231,1.3621,0.8463
2266,浙富控股,232.1356,11.1776,9.6100,11.0062,12.1718,55.7841,1.2727,0.8868
600428,中远海特,232.1056,17.7997,11.4200,38.3208,21.2426,57.7617,1.0514,0.5891
2460,赣锋锂业,230.8173,16.1298,3.8000,22.0842,15.7217,54.2306,0.9186,0.2156
600595,中孚实业,230.6842,16.1729,10.0500,1.3494,13.1518,29.2383,1.5202,0.9560
601068,中铝国际,230.5981,2.5760,3.8500,-3.9305,13.5396,77.4552,1.3071,0.5645
9,中国宝安,230.3628,2.0304,2.0400,13.8698,25.8185,59.7835,1.9841,0.4165
1286,陕西能源,229.5801,30.0950,11.8200,-0.8566,36.7752,54.5301,0.5169,0.3201
1248,华润新能源,229.0905,61.0181,6.9400,0.1549,48.8399,59.9803,0.6097,0.1040
1391,国货航,228.7808,25.8469,10.0100,11.1451,17.0509,10.3612,2.8930,0.7948
600,建投能源,227.8564,18.7853,16.5800,-3.1109,26.6476,59.1779,0.5219,0.4647
603997,继峰股份,227.8266,4.5359,9.1000,2.3689,16.0858,75.9421,1.2205,1.0431
2032,苏泊尔,227.7175,20.9672,35.0800,1.5357,24.8668,52.9049,1.5943,1.7068
301308,江波龙,227.6617,14.2330,19.4100,30.3632,19.3985,63.2466,1.7080,1.1484
2056,横店东磁,225.8637,18.5118,17.4200,21.7031,17.8158,59.6808,1.3116,0.8748
90,天健集团,225.0106,2.2344,1.1400,5.3551,12.7750,74.2727,1.5444,0.3709
603885,吉祥航空,224.9944,10.3964,9.9500,1.8306,12.4477,76.7817,0.3278,0.4497
49,德赛电池,223.9943,2.9227,4.4000,7.3837,9.0182,60.5873,1.3869,1.3220
300015,爱尔眼科,223.5260,32.4026,14.9700,6.5277,47.1135,36.2025,1.2383,0.6393
2001,新和成,222.5136,67.6420,21.8700,2.9698,44.6739,27.7275,2.6272,0.5023
600961,株冶集团,222.4642,11.2523,31.4000,12.5876,11.6459,48.9376,1.0935,2.3884
603883,老百姓,222.3662,3.8185,5.6600,-0.5412,32.2975,64.7470,0.8688,1.0876
2456,欧菲光,221.4994,0.4163,1.0700,8.3820,10.3249,76.9244,0.9315,1.0235
600073,光明肉业,221.2997,-1.3244,-2.7600,0.6508,11.2826,58.4785,1.1430,1.4982
905,厦门港务,221.2841,2.0573,4.1000,-0.0833,3.1909,50.5205,1.2604,1.6835
600939,重庆建工,221.1492,-11.9547,-16.1400,-18.9300,4.8701,91.3700,0.9161,0.2584
2541,鸿路钢构,220.6831,6.3117,6.4600,2.5748,9.8505,64.3833,1.2997,0.8285
601886,江河集团,218.4526,6.1024,8.3600,-2.5013,17.2382,71.7860,1.1793,0.7274
600398,海澜之家,216.2565,21.6599,12.3100,3.1930,44.8744,45.4859,1.4072,0.6409
600884,杉杉股份,215.8702,4.5792,2.1000,15.5639,17.2742,49.1001,1.0741,0.4727
605222,起帆电缆,215.8289,1.7077,3.6200,-5.1890,5.4982,68.4065,1.4282,1.4871
2028,思源电气,215.3903,31.5014,22.6300,39.3384,30.7748,47.0483,1.7464,0.8080
600458,时代新材,214.7054,5.1361,7.3400,7.0583,14.6430,64.6703,1.2373,0.9470
601789,宁波建工,214.6708,2.3593,4.9200,1.9338,9.3194,84.0218,0.9576,0.6701
601021,春秋航空,214.5953,23.1740,12.9700,7.2980,13.5854,61.2525,0.9062,0.4731
600348,华阳股份,214.4433,17.0303,5.6400,-14.4287,39.4511,53.2541,0.6773,0.2547
2539,云图控股,213.9988,8.2708,9.1400,5.0065,11.8429,65.4515,1.0084,0.8355
2179,中航光电,213.8606,21.6152,9.1600,3.3866,29.1907,38.5400,2.0270,0.5106
2400,省广集团,213.5366,0.8997,1.8100,3.3671,5.8479,61.5255,1.3201,1.8019
689009,九号公司,212.7788,17.5817,26.0800,49.8884,29.6296,66.2589,1.2022,1.1440
2768,国恩股份,212.5123,8.4129,15.7200,10.5691,10.6615,61.0855,1.5254,1.1144
2788,鹭燕医药,212.4678,2.8088,8.7100,3.7909,7.0764,75.1855,1.0913,1.6322
600863,华能蒙电,210.5047,24.9344,12.2500,-11.7569,23.1568,52.7299,0.3944,0.4323
603368,柳药集团,209.2627,7.0946,9.0700,-1.2094,11.0469,61.8427,1.5078,0.9823
605499,东鹏饮料,208.7527,44.1526,51.6100,31.7979,44.9050,64.7323,0.9154,0.8452
600496,精工钢构,208.3828,6.0496,6.6000,12.6877,10.8094,66.6497,1.4701,0.7738
601137,博威合金,207.5297,1.2489,1.5200,11.2460,13.0174,56.0799,1.6498,1.1074
301656,联合动力,206.9700,11.3336,17.8900,27.9367,16.2260,62.7964,1.2373,0.9436
600685,中船防务,205.4705,10.0826,5.7600,5.8996,10.0647,61.2819,1.1429,0.3749
601666,平煤股份,205.3186,2.3131,1.0400,-32.1962,18.7015,65.1476,0.4340,0.2606
603260,合盛硅业,204.9855,-29.9085,-9.6300,-23.2041,7.2874,64.9571,0.3284,0.2351
900910,海立B股,204.9819,0.7182,1.1700,9.3408,14.0823,67.0622,1.0912,0.8644
600619,海立股份,204.9819,0.7182,1.1700,9.3408,14.0823,67.0622,1.0912,0.8644
600546,山煤国际,204.7219,11.6643,7.1700,-30.7452,35.6072,51.2138,0.7001,0.5131
2683,广东宏大,203.6906,9.5718,14.2000,49.2035,20.8815,55.4365,1.5236,0.7602
2533,金杯电工,203.2116,5.9991,14.1500,15.0107,10.2300,57.9973,1.4516,1.8050
600377,宁沪高速,202.8920,45.9387,11.4800,-12.5398,30.0711,42.9593,0.5879,0.2178
605090,九丰能源,202.6930,14.7985,14.7300,-8.0640,10.3496,26.9842,2.4774,1.3036
301039,中集车辆,201.7764,9.0352,6.2500,-3.9078,15.8888,33.3202,2.1715,0.8862
2299,圣农发展,200.9448,13.8006,12.5900,8.1188,12.5805,51.6552,0.6209,0.9112
603816,顾家家居,200.5639,17.9004,17.6800,8.5319,32.7631,42.7465,1.1764,1.0983
2131,利欧股份,200.5043,0.3374,0.2700,-5.2907,8.7649,40.8214,2.3615,0.9221
600415,小商品城,199.2725,42.0355,17.5300,26.6237,31.4444,48.1399,1.1392,0.4769
1280,中国铀业,198.9403,16.4544,13.7500,15.1356,19.8267,43.0196,3.2701,0.7528
688778,厦钨新能,198.7957,7.5483,8.3400,46.7036,9.9631,56.2919,1.2643,1.0763
600742,富维股份,198.6785,4.6509,5.4200,1.1792,10.7836,55.8752,1.3801,0.8648
600480,凌云股份,198.3590,8.3507,10.7100,5.3004,16.5771,50.5818,1.3880,0.9842
600956,新天绿能,198.3082,18.2633,8.1200,-7.2118,20.7708,66.3042,0.6079,0.2234
600761,安徽合力,198.1853,12.2465,11.5800,11.3511,23.5476,40.1140,1.9238,0.9983
887,中鼎股份,197.9983,15.8940,11.6200,5.0164,23.2427,47.3690,1.7309,0.7688
603129,春风动力,197.4558,16.7537,24.4900,31.3040,26.9371,59.8487,1.3696,1.1557
2462,嘉事堂,195.2515,1.1138,2.5800,-18.7082,6.3996,53.9091,1.7490,1.4578
301584,建发致新,194.3000,2.6963,15.7700,8.4097,7.9491,83.3030,1.1629,1.3946
900925,机电B股,192.9438,7.9247,5.6900,-6.7114,15.3239,49.4047,1.6423,0.5625
600835,上海机电,192.9438,7.9247,5.6900,-6.7114,15.3239,49.4047,1.6423,0.5625
300476,胜宏科技,192.9231,43.1199,35.5600,79.7733,35.2235,52.8505,0.9626,0.7090
1914,招商积余,192.7321,6.5458,6.1900,12.2343,11.0896,45.9039,1.2824,0.9825
2276,万马股份,192.3990,3.4711,5.9500,8.3287,12.1402,62.5559,1.3989,1.2225
2304,洋河股份,192.1106,22.0606,4.6200,-33.4712,71.6022,19.9716,3.7651,0.3051
600966,博汇纸业,191.5764,1.5549,2.2200,1.2004,9.5716,65.4818,0.6321,0.8715
2396,星网锐捷,191.5687,4.0886,6.0100,14.3126,32.2410,42.3658,1.7544,1.1262
603766,隆鑫通用,191.3515,16.4775,17.5000,13.7491,19.0261,44.3772,1.8591,1.1455
603486,科沃斯,190.3966,17.5831,22.1900,15.0973,48.8233,48.1237,1.8083,1.1732
301116,益客食品,189.6186,-2.7979,-17.2300,-9.0003,2.3532,65.2293,0.6436,4.0757
2463,沪电股份,189.4522,38.2231,28.5700,42.0017,35.4756,46.4574,1.4897,0.7665
600008,首创环保,188.8559,17.7188,5.7300,-5.8075,36.6780,63.7598,1.1259,0.1714
600176,中国巨石,188.8086,32.8546,10.6200,19.0788,33.1183,40.4136,1.0486,0.3496
200596,古井贡B,188.3198,35.4911,14.2800,-20.1288,79.2560,31.6596,2.3422,0.4785
596,古井贡酒,188.3198,35.4911,14.2800,-20.1288,79.2560,31.6596,2.3422,0.4785
600409,三友化工,188.3144,0.8953,0.6500,-11.8427,12.7243,42.4179,1.0223,0.7144
300115,长盈精密,188.1869,5.9767,7.3100,11.1286,18.9547,63.7821,0.9323,0.8470
